Id;Nombre de la intervención;Año de convocatoria;ONGD;Equipo evaluador;(cali) ¿Qué rasgos generales presenta la evaluación?;(0A_ongd) ¿La ONGD es sensible al género? [Cuenta con personal especializado en igualdad de género];(0A_ongd) ¿La ONGD es sensible al género? [Cuenta con personal especializado en igualdad con enfoque interseccional];(0A_ongd) ¿La ONGD es sensible al género? [Ha adoptado una política interna de evaluación que contempla aspectos de igualdad de género];(0A_ongd) ¿La ONGD es sensible al género? [Ha adoptado una política interna de evaluación que contempla aspectos con enfoque interseccional];(0A_ongd) ¿La ONGD es sensible al género? [A la hora de calificar las propuestas, la competencia del equipo en materia de igualdad de género es valorada positivamente];(0A_ongd) ¿La ONGD es sensible al género? [A la hora de calificar las propuestas, la competencia del equipo en materia de igualdad con enfoque interseccional es valorada positivamente];(0_nior) ¿Los TdR incluyen preguntas referidas específicamente a cuestiones de igualdad interseccional?;(0B_tiem) ¿Cuánto tiempo se ha previsto en el cronograma para realizar la evaluación? (nº de semanas);(0B_tiem) ¿Y específicamente al trabajo de campo? (nº de semanas);(0B_tiem) ¿Se ha concecido alguna prórroga?;(0B_tiem) ¿Con cuánta duración? (nº de semanas);(0C_pres) ¿Cuál es el presupuesto destinado a la intervención?;(0C_pres) ¿Cuál es el presupuesto destinado a la evaluación?;(0C_pres) ¿Cuál es el coste de la hora de trabajo efectivo de los/as evaluadoras?;(0_equi) ¿Cuántos miembros contiene el equipo evaluador?;(0_equi) ¿Cuántos de los miembros del equipo evaluador cuentan con formación o experiencia en perspectiva de género? [Formación formal y acreditada en perspectiva de igualdad de género];(0_equi) ¿Cuántos de los miembros del equipo evaluador cuentan con formación o experiencia en perspectiva de género? [Formación formal y acreditada en otros enfoques interseccionales];(0_equi) ¿Cuántos de los miembros del equipo evaluador cuentan con formación o experiencia en perspectiva de género? [Experiencia en evaluaciones y/o proyectos con perspectiva de igualdad género];(0_equi) ¿Cuántos de los miembros del equipo evaluador cuentan con formación o experiencia en perspectiva de género? [Experiencia en evaluaciones y/o proyectos con otros enfoques interseccionales];(1_prop) ¿El propósito de la evaluación alude a algún aspecto relacionado con la igualdad?;(1_prop) ¿A cuál?;(1_cxto) ¿El informe analiza el contexto de la igualdad? [Marco normativo o políticas nacionales];(1_cxto) ¿El informe analiza el contexto de la igualdad? [Posicionamiento de socios locales y organizaciones comunitarias];(1_cxto) ¿El informe analiza el contexto de la igualdad? [Actitudes y comportamientos individuales];(1_acto) ¿El informa analiza los actores implicados?;(3_nigi) Si los TdR contemplaban preguntas con enfoque de igualdad de género/interseccional, ¿la propuesta...?;(3_nigi) Si los TdR NO contemplaban preguntas con enfoque de igualdad de género/interseccional, ¿la propuesta...?;(3_nige) ¿El análisis contempla a…?;(3_nicg) En el caso de que existan preguntas referidas específicamente a cuestiones de igualdad de género, ¿en qué cuestiones clave de género indicen?;(3_niin) ¿El análisis incorpora enfoques interseccionales?;(4_ddrg) ¿Los datos recogidos están desagregados por género?;(4_ddrg) ¿Qué categorías emplean?;(4_ddri) ¿Los datos recogidos están desagregados por otras variables?;(4_ddri) ¿Por cuáles?;(4_dddg) ¿Los datos disponibles están desagregados por género?;(4_dddg) En el caso de que solo a veces o nunca, ¿se ha incorporado a posteriori en la evaluación el enfoque de género?;(4_dddi) ¿Los datos disponibles están desagregados por otras variables?;(4_dddi) ¿Por cuáles?;(4_dddi) En el caso de que solo a veces o nunca, ¿se ha incorporado a posteriori en la evaluación el enfoque interseccional?;(4_efne) ¿Se exploran efectos no esperados?;(5_mixt) ¿Se emplean técnicas…?;(6_parn) ¿Qué porcentaje de hombres / mujeres han participado en el proyecto?;(6_parn) ¿Qué porcentaje de hombres / mujeres participan en la evaluación?;(7_efec) ¿Se analizan los efectos del programa de forma desagregada?;(7_tria) ¿Se triangulan los datos?;(8_raiz) ¿Se explican la raiz de las diferencias detectadas? [Desde un punto de vista de género];(8_raiz) ¿Se explican la raiz de las diferencias detectadas? [Desde un punto de vista interseccional];(8_mplu) ¿Presenta una vision plural de las mujeres?;(8_memp) ¿Presenta una vision empoderada de las mujeres?;(8_mnse) ¿Presenta una vision no sexista de las mujeres?;(9_judi) ¿Se valora si el diseño del proyecto incluye enfoque de igualdad?;(9_jupr) ¿Se valora si el proyecto incorpora consideraciones de igualdad en sus procesos?;(9_jure) ¿Se valora si los cambios producidos por el proyecto son positivos, neutrales o negativos desde un punto de vista de la igualdad?;(10_reco) ¿Se sugieren recomendaciones para avanzar en términos de igualdad?;(11_nose) ¿En el informe y otros productos comunicativos…? [Se emplea un lenguaje inclusivo y no sexista];(11_nose) ¿En el informe y otros productos comunicativos…? [No se emplean fotografías de mujeres exclusivamente ejerciendo roles tradicionales];(11_nose) ¿En el informe y otros productos comunicativos…? [El uso de los colores e iconografía en los gráficos no es sexista]
Evaluación 01;Fortalecimiento de las Capacidades de los Servicios Farmacéuticos Institucionales para el Desarrollo de la Fármaco vigilancia y la Promoción del Uso Racional de Medicamentos en El Salvador;2014;Farmamundi;Carlos Fuentes Martínez;Se explican con detalle las técnicas que han sido empleadas;No se sabe;No se sabe;No;No;No se sabe;No se sabe;Sí, sobre igualdad de género;NS;NS;No se sabe;NS;194847,63;NS;NS;1;Ningún miembro;Ningún miembro;Ningún miembro;Ningún miembro;No;;No;No;No;Sí, se mencionan;No las incluye;;Las mujeres;Participacion de mujeres y hombres en el espacio público y privado;;Nunca;;Nunca;;Siempre;;Nunca;;No;No;Mixtas;NS;NS;A veces;No;Nunca;Nunca;No aplica;No aplica;No aplica;No;No;No;No;No;No aplica;No aplica
Evaluación 02;Mejora del acceso a una educación secundaria de calidad fomentando la equidad de género en el distrito de Anantapur y Kurnool, en el estado de Andhra Pradesh, La India;2014;Vicente Ferrer;Núria Camps i Vidal, Paolo Leotti y Robert Masih Nahar (AVALUEM anàlisi i desenvolupament);La descripción no analítica del contexto y de las características del programa no supera el 20% de la extensión informe, Las preguntas de evaluación son claras y concisas, Se reconocen explícitamente las limitaciones metodológicas, Se explican con detalle las técnicas que han sido empleadas, Se aplican correctamente las técnicas y se explica el tipo de análisis realizado, Las recomendaciones se derivan de las conclusiones del análisis;Sí;Sí;No;No;No;Sí;No;12;2;No;;166878,47;4500;NS;3;1 miembro;1 miembro;2 miembros;2 miembros;Sí;;Sí;Sí;Sí;Sí, en profundidad;;Las incluye;Las mujeres;División sexual del trabajo y roles de género, Participacion de mujeres y hombres en el espacio público y privado, Control del uso del cuerpo de las mujeres, Necesidades prácticas y estratégicas de género, Acceso y control de recursos y beneficios por mujeres y hombres;Desigualdad étnica-racial, Enfoque de infancia;Siempre;Hombre y mujer;A veces;Casta, edad;A veces;Sí, empleando técnicas complementarias, Sí, proponiéndo la desagregación como recomendación;A veces;Castas, edad;No;Sí;Mixtas;56.8/43.2;62.7/37.3;Siempre;Sí;Casi siempre;A veces;Sí;Sí;Sí;Sí;Sí;Sí;Sí, son específicas sobre igualdad, basadas en el análisis y concretas;Sí;Sí;No aplica
Evaluación 03;Mejora de las condiciones productivas, nutricionales, higiénico-ambientales y organizativas de 70 familias en la comunidad El Chimborazo, Municipio de Jinotega. Nicaragua;2014;Fundació Pau i Solidaritat Paìs Valencià;Inma Gisbert y Juan José Iborra;La descripción no analítica del contexto y de las características del programa no supera el 20% de la extensión informe, Las preguntas de evaluación son claras y concisas, Se reconocen explícitamente las limitaciones metodológicas, Se explican con detalle las técnicas que han sido empleadas, Se aplican correctamente las técnicas y se explica el tipo de análisis realizado, Las recomendaciones se derivan de las conclusiones del análisis;Sí;No se sabe;Sí;No;No se sabe;No se sabe;Sí, sobre igualdad de género;NS;NS;No se sabe;;172609,88;NS;NS;2;1 miembro;1 miembro;2 miembros;1 miembro;No;;Sí;No;Sí;Sí, de forma somera;Las incluye sin ampliarlas;;Las mujeres, Los hombres, Las relaciones entre hombres y mujeres;División sexual del trabajo y roles de género, Participacion de mujeres y hombres en el espacio público y privado, Diferentes usos del tiempo por mujeres y hombres, Acceso y control de recursos y beneficios por mujeres y hombres;;Siempre;Hombre y mujer;Nunca;;A veces;Sí, empleando técnicas complementarias;Nunca;;No;Sí;Cualitativas;12.4/87.6;11.6/88.4;Casi siempre;No aplica;Casi siempre;Nunca;Sí;Sí;Sí;Sí;Sí;Sí;Sí, son específicas sobre igualdad;Sí;Sí;No aplica
Evaluación 04;Mejorada la calidad educativa del alumnado de Segundo y Tercer Ciclo de Educación Básica, la organización comunitaria y las oportunidades laborales de los/as jóvenes del municipio de Santa Ana;2016;Liga Española de la Educación y la Cultura Popular;Inés Molinero Vázquez;La descripción no analítica del contexto y de las características del programa no supera el 20% de la extensión informe, Se reconocen explícitamente las limitaciones metodológicas, Las recomendaciones se derivan de las conclusiones del análisis;Sí;Sí;No;No;Sí;No;Sí, sobre igualdad interseccional;10;2;Sí;6;137639,11;2651,43;NS;1;No se sabe;No se sabe;No se sabe;No se sabe;No;;No;No;Sí;Sí, se mencionan;Las incluye sin ampliarlas;;Las mujeres;División sexual del trabajo y roles de género, Participacion de mujeres y hombres en el espacio público y privado, Necesidades prácticas y estratégicas de género, Acceso y control de recursos y beneficios por mujeres y hombres;Desigualdad económica, Enfoque de capacidades, Enfoque de infancia;A veces;Hombre y mujer;Nunca;;A veces;No;A veces;Edad;No;No;Mixtas;NS;NS;Nunca;No;A veces;Nunca;Sí;Sí;Sí;Sí;Sí;Sí;Sí, son específicas sobre igualdad;Sí;No aplica;No aplica
Evaluación 05;Mejora de la práctica educativa de educadoras y educadores para la aplicación del Modelo Educativo Sociocomunitario Productivo (MESCP) en el Departamento de Cochabamba, Bolivia;2016;Intered;Víctor Hugo Ledezma Vera y Oscar Fernando Aguilar Calderón;La descripción no analítica del contexto y de las características del programa no supera el 20% de la extensión informe, Las preguntas de evaluación son claras y concisas, Se explican con detalle las técnicas que han sido empleadas;Sí;No;No;No;No se sabe;No se sabe;No se sabe;5;1;Sí;NS;93790;1830;NS;2;Ningún miembro;Ningún miembro;Ningún miembro;Ningún miembro;No;;Sí;No;No;Sí, se mencionan;Las incluye sin ampliarlas;;Las mujeres;Acceso y control de recursos y beneficios por mujeres y hombres;Desigualdad étnica-racial, Enfoque de infancia;Nunca;;Nunca;;Siempre;;A veces;Rural/Urbano, Nivel educativo;No;No;Mixtas;51/49;NS;Nunca;No;Nunca;A veces;No aplica;No aplica;No aplica;No;Sí;Sí;Sí, son específicas sobre igualdad;Sí;No aplica;No aplica
Evaluación 06;Fortalecimiento del sistema productivo agropecuario, en el marco de las políticas municipales de desarrollo local sostenible, en la zona de transición Andino-Yungas, de la cordillera Tunari del Municipio de Tiquipaya, Bolivia;2016;Musol;Manuel Casero Nuño y Atala corredor (Avanzia, Bienestar social y desarrollo);La descripción no analítica del contexto y de las características del programa no supera el 20% de la extensión informe, Las preguntas de evaluación son claras y concisas, Se reconocen explícitamente las limitaciones metodológicas, Se explican con detalle las técnicas que han sido empleadas, Se aplican correctamente las técnicas y se explica el tipo de análisis realizado, Las recomendaciones se derivan de las conclusiones del análisis;No se sabe;No se sabe;No;No;Sí;No;Sí, sobre igualdad de género;9;1;No se sabe;;262358,06;5000;2,35;2;0 miembro;1 miembro;2 miembros;2 miembros;Sí;;No;No;Sí;Sí, de forma somera;Las incluye sin ampliarlas;;Las mujeres;División sexual del trabajo y roles de género, Participacion de mujeres y hombres en el espacio público y privado;;Siempre;Hombre y mujer;Nunca;;Siempre;;A veces;Edad;No;No;Mixtas;50/50;NS;Casi siempre;Sí;Casi siempre;Nunca;Sí;Sí;Sí;No;No;Sí;Sí, son específicas sobre igualdad;Sí;Sí;No aplica
Evaluación 07;Mejora de las condiciones de vida de las comunidades indígenas campesinas del municipio de Chaqui, departamento de Potosí, consolidando su seguridad alimentaria mediante la implementación de un sistema productivo agroecológico;2016;Manos Unidas;Víctor Hugo Ledezma Vera, María Elena Burgos Palacios y Oscar Fernando Aguilar Calderón;La descripción no analítica del contexto y de las características del programa no supera el 20% de la extensión informe, Las preguntas de evaluación son claras y concisas, Se reconocen explícitamente las limitaciones metodológicas, Se explican con detalle las técnicas que han sido empleadas, Las recomendaciones se derivan de las conclusiones del análisis;No se sabe;No se sabe;No;No;No se sabe;No se sabe;No se sabe;NS;NS;No se sabe;;413959,09;NS;NS;3;1 miembro;1 miembro;1 miembro;1 miembro;Sí;;Sí;Sí;Sí;Sí, de forma somera;Las incluye sin ampliarlas;;Las mujeres;División sexual del trabajo y roles de género, Participacion de mujeres y hombres en el espacio público y privado, Acceso y control de recursos y beneficios por mujeres y hombres;Desigualdad económica;Siempre;Hombre y mujer;Nunca;;Siempre;;Nunca;;No;Sí;Mixtas;50/50;50/50;A veces;Sí;Siempre;A veces;No;Sí;Sí;Sí;Sí;Sí;Sí, son específicas sobre igualdad, basadas en el análisis y concretas;Sí;Sí;No
Evaluación 08;Consolidación del Sistema de Salud Familiar Comunitaria e Intercultural en el Municipio Rural de Tacobamba, Bolivia, en correspondencia con el Tercer Objetivo de Desarrollo Sostenible: Garantizar una Vida Sana y Promover el Bienestar para Todos para Todas las Edades;2016;Asociación Fontilles;STAI SUR SRL;La descripción no analítica del contexto y de las características del programa no supera el 20% de la extensión informe, Las preguntas de evaluación son claras y concisas, Se reconocen explícitamente las limitaciones metodológicas, Se explican con detalle las técnicas que han sido empleadas, Las recomendaciones se derivan de las conclusiones del análisis;No se sabe;No se sabe;No;No;No se sabe;No se sabe;No se sabe;5;1;No se sabe;;464.491,95;NS;NS;NS;No se sabe;No se sabe;No se sabe;No se sabe;Sí;;No;No;No;Sí, en profundidad;Las incluye sin ampliarlas;;Las mujeres;Participacion de mujeres y hombres en el espacio público y privado, Necesidades prácticas y estratégicas de género, Acceso y control de recursos y beneficios por mujeres y hombres;;A veces;Hombre y mujer;Nunca;;Siempre;;No se sabe;;;No;Cualitativas;50/51;NS;A veces;No aplica;Nunca;A veces;No aplica;No aplica;No aplica;Sí;Sí;Sí;Sí, son específicas sobre igualdad;Sí;Sí;No aplica
Evaluación 09;Mejora de la cobertura, inclusión y calidad educativa en centros escolares de educación básica en los municipios de Sacacoyo, Tepecoyo, Jayaque y Talnique, departamento de La Libertad, El Salvador;2016;CESAL;Guillermo Gómez Villanueva;Las preguntas de evaluación son claras y concisas, Se reconocen explícitamente las limitaciones metodológicas, Se explican con detalle las técnicas que han sido empleadas;No se sabe;No se sabe;No;No;Sí;No;Sí, sobre igualdad de género;8;2;Sí;28;302898,07;4000;NS;1;Ningún miembro;Ningún miembro;1 miembro;1 miembro;No;;No;No;No;Sí, se mencionan;Las incluye sin ampliarlas;;Las mujeres;Acceso y control de recursos y beneficios por mujeres y hombres;;Nunca;;A veces;Nivel educativo;A veces;No;Siempre;Nivel educativo;;No;Mixtas;NS;NS;Nunca;Sí;Nunca;Nunca;No aplica;No aplica;No aplica;Sí;No;Sí;Sí, son específicas sobre igualdad;Sí;No aplica;No aplica
Evaluación 10;Contribuir al pleno ejercicio del derecho al agua y del derecho a la participación de 464 personas (224 mujeres, 240 hombres) de la comunidad de El Chaparral y Santiago Torres del Municipio de El Paisnal, La Libertad, El Salvador;2016;ECOSOL;Sergi Escribano, Carla Mata, Ricardo Flores e Isabel Alvarado (Empodera Consultores);La descripción no analítica del contexto y de las características del programa no supera el 20% de la extensión informe, Las preguntas de evaluación son claras y concisas, Se reconocen explícitamente las limitaciones metodológicas, Se aplican correctamente las técnicas y se explica el tipo de análisis realizado, Las recomendaciones se derivan de las conclusiones del análisis;No se sabe;No se sabe;No;No;Sí;No;Sí, sobre igualdad de género;4;3;No se sabe;;455169,7;6950;NS;4;1 miembro;1 miembro;2 miembros;2 miembros;No;;No;Sí;Sí;Sí, se mencionan;Las incluye sin ampliarlas;;Las mujeres;División sexual del trabajo y roles de género, Participacion de mujeres y hombres en el espacio público y privado, Diferentes usos del tiempo por mujeres y hombres, Acceso y control de recursos y beneficios por mujeres y hombres;;Siempre;Hombre y mujer;Nunca;;A veces;Sí, proponiéndo la desagregación como recomendación;A veces;Edad;No;Sí;Cualitativas;NS;NS;Casi siempre;No aplica;A veces;Nunca;Sí;Sí;Sí;Sí;Sí;Sí;Sí, son específicas sobre igualdad, basadas en el análisis y concretas;Sí;No aplica;No aplica
Evaluación 11;Mejora de la seguridad alimentaria en la Franja de Gaza a través de la rehabilitación de terrenos agrícolas e invernaderos;2016;Fundación Promoción Social de la Cultura;Rami Wihaidi y Reham Wehaidy (Al Athar Global Consulting, Inc.);La descripción no analítica del contexto y de las características del programa no supera el 20% de la extensión informe, Las preguntas de evaluación son claras y concisas, Se reconocen explícitamente las limitaciones metodológicas, Se explican con detalle las técnicas que han sido empleadas, Se aplican correctamente las técnicas y se explica el tipo de análisis realizado, Las recomendaciones se derivan de las conclusiones del análisis;No se sabe;No se sabe;No;No;No;No;No;10;1;No se sabe;;339.797;NS;NS;2;Ningún miembro;Ningún miembro;Ningún miembro;Ningún miembro;No;;No;No;Sí;Sí, se mencionan;;No las incluye;Las mujeres;Acceso y control de recursos y beneficios por mujeres y hombres;;Nunca;;Nunca;;No se sabe;No;No se sabe;;;No;Mixtas;NS;NS;Nunca;Sí;A veces;Nunca;No aplica;No aplica;No aplica;No;No;Sí;No;No aplica;No aplica;No aplica
Evaluación 12;Seguridad Alimentaria Nutricional y Promoción de la Salud Comunitaria en 17 Comunidades Pobres del Municipio de Pocoata, Bolivia;2016;Asociación Civil Jarit;Marta Marcihan Hernández;Se reconocen explícitamente las limitaciones metodológicas, Se explican con detalle las técnicas que han sido empleadas;No se sabe;No se sabe;No;No;No se sabe;No se sabe;No se sabe;12;8;No se sabe;;446410;4800;NS;1;1 miembro;1 miembro;1 miembro;1 miembro;No;;No;No;No;Sí, se mencionan;Las incluye sin ampliarlas;;Las mujeres;Participacion de mujeres y hombres en el espacio público y privado, Necesidades prácticas y estratégicas de género, Acceso y control de recursos y beneficios por mujeres y hombres;;Siempre;Hombre y mujer;Nunca;;A veces;Sí, proponiéndo la desagregación como recomendación;Nunca;;No;No;Mixtas;50.5/49.5;44.1/55.9;Casi siempre;No;Nunca;Nunca;Sí;Sí;Sí;Sí;No;No;Sí, son específicas sobre igualdad;Sí;No aplica;No aplica
Evaluación 13;Fortalecimiento de la economía rural frente al cambio climático mediante el impulso de iniciativas de agroturismo con enfoque ambiental en los departamentos de Rivas y Masaya. Nicaragua;2016;Fundació Pau i Solidaritat País Valencià;Juan José Iborra;La descripción no analítica del contexto y de las características del programa no supera el 20% de la extensión informe, Las preguntas de evaluación son claras y concisas, Las recomendaciones se derivan de las conclusiones del análisis;Sí;No se sabe;Sí;No;No se sabe;No se sabe;Sí, sobre igualdad de género;NS;NS;No se sabe;;248.191,28;NS;NS;1;Ningún miembro;Ningún miembro;1 miembro;Ningún miembro;No;;No;No;No;No;Las incluye sin ampliarlas;;Las mujeres, Los hombres;División sexual del trabajo y roles de género, Participacion de mujeres y hombres en el espacio público y privado, Acceso y control de recursos y beneficios por mujeres y hombres;;Nunca;;Nunca;;A veces;;Nunca;;No;No;Mixtas;NS;NS;Nunca;No;Nunca;Nunca;No aplica;No aplica;No aplica;Sí;No;Sí;No;Sí;Sí;No aplica
Evaluación 14;Acceso y manejo sustentable del agua y de las ecotecnologias de saneamiento en cinco comunidades rurales del municipio de Comasagua, departamento de La Libertad, El Salvador;2016;Paz con Dignidad;Ana Lilian Vega, Carlos Flores y Max Orellana (Asociación Centro de Estudios Aplicados en Ecología y Sustentabilidad Ambiental, ECOS El Salvador);La descripción no analítica del contexto y de las características del programa no supera el 20% de la extensión informe, Las preguntas de evaluación son claras y concisas, Se explican con detalle las técnicas que han sido empleadas, Las recomendaciones se derivan de las conclusiones del análisis;Sí;Sí;No;No;Sí;No;Sí, sobre igualdad de género;8;3;Sí;22;440123,14;4700;NS;3;1 miembro;Ningún miembro;1 miembro;1 miembro;Sí;;No;Sí;Sí;Sí, de forma somera;Las incluye sin ampliarlas;;Las mujeres, Los hombres;División sexual del trabajo y roles de género, Control del uso del cuerpo de las mujeres, Participacion de mujeres y hombres en el espacio público y privado;;A veces;Hombre y mujer;A veces;Situación socioeconómica;A veces;Sí, empleando técnicas complementarias;Nunca;;No;No;Mixtas;52/48;NS;A veces;No;Casi siempre;Nunca;Sí;Sí;Sí;No;No;Sí;Sí, son específicas sobre igualdad;Sí;No aplica;No aplica
Evaluación 15;Fortalecimiento del sistema productivo agropecuario resiliente al cambio climático en la zona alto-andina de la cordillera Tunari del municipio de Tiquipaya (Bolivia);2017;MUSOL;Jeanett Velasquez y Manuel Jesús Casero;"La descripción no analítica del contexto y de las características del programa no supera el 20% de la extensión informe, 
Las preguntas de evaluación son claras y concisas, Se explican con detalle las técnicas que han sido empleadas, Se aplican correctamente las técnicas y se explica el tipo de análisis realizado, Las recomendaciones se derivan de las conclusiones del análisi";No se sabe;No se sabe;No;No;Sí;No;Sí, sobre igualdad de género;14;1;Sí;34;342930,13;7936,51;4,7;2;1 miembro;1 miembro;2 miembros;1 miembro;Sí;Justicia y cambio social;No;No;No;Sí, se mencionan;Las incluye y las amplía;;Las mujeres, Los hombres;División sexual del trabajo y roles de género, Participacion de mujeres y hombres en el espacio público y privado, Necesidades prácticas y estratégicas de género, Acceso y control de recursos y beneficios por mujeres y hombres;Desigualdad económica;Siempre;Hombre y mujer;Nunca;;A veces;Sí, empleando técnicas complementarias;Nunca;;No;Sí;Cualitativas;50.7/49.3;77/33;Siempre;No aplica;Siempre;Nunca;Sí;Sí;Sí;Sí;Sí;Sí;Sí, son específicas sobre igualdad;Sí;No aplica;No aplica
Evaluación 16;Gestión integrada, participativa y ambientalmente sostenible del recurso hídrico con enfoque de derechos y equidad de género en los municipios de Gualococti, San Simón y Meanguera;2017;Solidaridad Internacional del País Valenciano;NS;La descripción no analítica del contexto y de las características del programa no supera el 20% de la extensión informe, Las preguntas de evaluación son claras y concisas, Se reconocen explícitamente las limitaciones metodológicas, Se explican con detalle las técnicas que han sido empleadas, Se aplican correctamente las técnicas y se explica el tipo de análisis realizado, Las recomendaciones se derivan de las conclusiones del análisis;Sí;Sí;No;No;Sí;Sí;Sí, sobre igualdad de género;12;3;Sí;12;469460,39;5900;NS;NS;No se sabe;No se sabe;No se sabe;No se sabe;No;;Sí;Sí;Sí;Sí, de forma somera;Las incluye y las amplía;;Las mujeres, Los hombres, Las relaciones entre hombres y mujeres;División sexual del trabajo y roles de género, Participacion de mujeres y hombres en el espacio público y privado, Necesidades prácticas y estratégicas de género, Diferentes usos del tiempo por mujeres y hombres, Acceso y control de recursos y beneficios por mujeres y hombres;Enfoque de infancia;Siempre;Hombre y mujer;A veces;Edad;Siempre;;A veces;Edad;No;Sí;Mixtas;48.5/51.5;32/68;Siempre;Sí;Siempre;A veces;Sí;No;Sí;Sí;Sí;Sí;Sí, son específicas sobre igualdad;Sí;No aplica;Sí
Evaluación 17;Promover oportunidades socioeconómicas para 114 personas productoras-es de caña de azúcar vinculados a la cadena de valor solidaria de la panela granulada orgánica y fomentar el derecho a la participación ciudadana, en Cotopaxi, Ecuador;2017;ECOSOL;Sergio Escribano y Laura Cremades (Empodera/Almedio consultores);La descripción no analítica del contexto y de las características del programa no supera el 20% de la extensión informe, Las preguntas de evaluación son claras y concisas, Se reconocen explícitamente las limitaciones metodológicas, Se explican con detalle las técnicas que han sido empleadas , Las recomendaciones se derivan de las conclusiones del análisis;No se sabe;No se sabe;No;No;Sí;No;Sí, sobre igualdad de género;8;2;Sí;30;450719,02;7589,29;15,6;2;1 miembro;1 miembro;2 miembros;2 miembros;Sí;;Sí;Sí;Sí;Sí, de forma somera;Las incluye sin ampliarlas;;Las mujeres;Acceso y control de recursos y beneficios por mujeres y hombres;Desigualdad económica;Siempre;Hombre y mujer;Nunca;;Siempre;;A veces;Edad;No;No;Mixtas;62/38;NS;Casi siempre;Sí;Siempre;Casi siempre;Sí;Sí;Sí;Sí;Sí;Sí;Sí, son específicas sobre igualdad;Sí;No aplica;No aplica
Evaluación 18;Renforcement de la résilience de 300 familles dans les communautés vulnérables à l’insécurité alimentaire et nutritionnelle dans la région de Sahel, province de Yagha;2017;Cruz Roja;Dieudionné Z. Guigma (ARC Management & Conseils);NA;No se sabe;No se sabe;No;No;Sí;Sí;Sí, sobre igualdad de género;4;2;Sí;NS;515258,77;5030;NS;1;Ningún miembro;Ningún miembro;Ningún miembro;Ningún miembro;No;;;;;;;;;;;;;;;;;;;;;;;;;;;;;;;;;;;;;
Evaluación 19;Fortalecimiento de la economía rural frente al cambio climático, mediante el impulso de iniciativas de agroturismo con enfoque ambiental en los departamentos de Rivas y Masaya. II Fase. Nicaragua;2017;Fundació Pau i Solidaritat País Valencià;Juan José Iborra;La descripción no analítica del contexto y de las características del programa no supera el 20% de la extensión informe, Las preguntas de evaluación son claras y concisas, Las recomendaciones se derivan de las conclusiones del análisis;Sí;No se sabe;Sí;No;No;No;Sí, sobre igualdad de género;8;3;No se sabe;;248191,28;11000;NS;1;Ningún miembro;Ningún miembro;1 miembro;Ningún miembro;No;;No;No;No;No;Las incluye sin ampliarlas;;Las mujeres, Los hombres;Participacion de mujeres y hombres en el espacio público y privado, Acceso y control de recursos y beneficios por mujeres y hombres;;A veces;Hombre y mujer;Nunca;;A veces;;Nunca;;No;No;Mixtas;49.2/50.8;NS;Nunca;No;Nunca;Nunca;No aplica;No aplica;No aplica;Sí;No;Sí;No;Sí;No aplica;No aplica
Evaluación 20;Fortalecimiento de la estructura, sistemas administrativos y procesos de modernización de municipalidades de Cusco-Perú, desde el enfoque de derechos y género en desarrollo;2017;Petjades;Fernando Romero Bolaños;La descripción no analítica del contexto y de las características del programa no supera el 20% de la extensión informe, Las preguntas de evaluación son claras y concisas, Se reconocen explícitamente las limitaciones metodológicas;No se sabe;No se sabe;No;No;Sí;Sí;Sí, sobre igualdad interseccional;7;2;No se sabe;;498249,88;5314,91;NS;1;Ningún miembro;Ningún miembro;Ningún miembro;Ningún miembro;No;;Sí;Sí;No;Sí, se mencionan;Las incluye sin ampliarlas;;Las mujeres;Participacion de mujeres y hombres en el espacio público y privado, Acceso y control de recursos y beneficios por mujeres y hombres;Desigualdad étnica-racial;A veces;Hombre y mujer;Nunca;;Siempre;;Nunca;;No;No;Mixtas;40.5/59.5;40/60;A veces;No;Nunca;A veces;No aplica;No aplica;No aplica;Sí;Sí;Sí;No;Sí;No aplica;No aplica
Evaluación 21;Acceso al derecho a vivienda y saneamiento para familias de poblaciones rurales empobrecidas del estado de Andhra Pradesh, La India;2017;Vicente Ferrer;ECODE;NA;Sí;Sí;No;No;Sí;Sí;Sí, sobre igualdad de género;10;2;Sí;NS;541825,35;7500;NS;NS;No se sabe;No se sabe;No se sabe;No se sabe;No;;;;;;;;;;;;;;;;;;;;;;;;;;;;;;;;;;;;;
Evaluación 22;Fortalecimiento de las comunidades guaraníes de Kereimbarenda, Ingre y Guakareta, departamento Chuquisaca (Bolivia) consolidando su gobernabilidad territorial mediante estrategias de defensa del territorio y aprovechamiento sostenible de los recursos naturales;2017;Manos Unidas;NS;La descripción no analítica del contexto y de las características del programa no supera el 20% de la extensión informe, Las preguntas de evaluación son claras y concisas, Se reconocen explícitamente las limitaciones metodológicas, Las recomendaciones se derivan de las conclusiones del análisis;No se sabe;No se sabe;No;No;Sí;Sí;Sí, sobre igualdad interseccional;6;NS;Sí;18;185427,47;8800;NS;4;No se sabe;No se sabe;No se sabe;No se sabe;Sí;Justicia y cambio social;Sí;Sí;Sí;Sí, de forma somera;Las incluye y las amplía;;Las mujeres;Participacion de mujeres y hombres en el espacio público y privado;Desigualdad étnica-racial, Enfoque de infancia;Siempre;Hombre y mujer;A veces;Edad;Siempre;;A veces;Rural/Urbano;No;Sí;Cualitativas;50/50;40/60;A veces;No aplica;Casi siempre;Casi siempre;Sí;Sí;Sí;Sí;Sí;Sí;Sí, son específicas sobre igualdad, basadas en el análisis y concretas;Sí;No aplica;No aplica
Evaluación 23;Desarrollo rural integrado con enfoque ambiental y de género en East Wellega (Oromiya);2017;Fundación Promoción Social de la Cultura;Admassu Tesso Huluka;La descripción no analítica del contexto y de las características del programa no supera el 20% de la extensión informe, Las preguntas de evaluación son claras y concisas, Se explican con detalle las técnicas que han sido empleadas, Las recomendaciones se derivan de las conclusiones del análisis;No se sabe;No se sabe;No;No;Sí;Sí;Sí, sobre igualdad de género;10;2;Sí;NS;364810,18;3358,24;NS;1;Ningún miembro;Ningún miembro;Ningún miembro;Ningún miembro;No;;No;No;No;No;Las incluye sin ampliarlas;;Las mujeres;División sexual del trabajo y roles de género, Participacion de mujeres y hombres en el espacio público y privado, Acceso y control de recursos y beneficios por mujeres y hombres;Desigualdad económica;A veces;Hombre y mujer;Siempre;Edad, nivel educativo, ocupación, religión;A veces;Sí, empleando técnicas complementarias;No se sabe;;;No;Mixtas;69/31;NS;A veces;Sí;Nunca;Nunca;No aplica;No aplica;No aplica;Sí;No;Sí;No;No aplica;Sí;Sí
Evaluación 24;Acceso y manejo sustentable del agua y de las ecotecnologias de saneamiento en cinco comunidades rurales del municipio de Comasagua, departamento de La Libertad, El Salvador;2017;Paz con Dignidad;Ana Lilian Vega, Carlos Flores y Max Orellana (Asociación Centro de Estudios Aplicados en Ecología y Sustentabilidad Ambiental, ECOS El Salvador);La descripción no analítica del contexto y de las características del programa no supera el 20% de la extensión informe, Las preguntas de evaluación son claras y concisas, Se explican con detalle las técnicas que han sido empleadas, Las recomendaciones se derivan de las conclusiones del análisis;Sí;Sí;No;No;No se sabe;No se sabe;Sí, sobre igualdad de género;12;3;No se sabe;;440123;NS;NS;3;1 miembro;Ningún miembro;1 miembro;1 miembro;No;;Sí;No;No;Sí, se mencionan;Las incluye sin ampliarlas;;Las mujeres, Los hombres;División sexual del trabajo y roles de género, Participacion de mujeres y hombres en el espacio público y privado, Control del uso del cuerpo de las mujeres, Diferentes usos del tiempo por mujeres y hombres, Acceso y control de recursos y beneficios por mujeres y hombres;Enfoque de infancia;A veces;Hombre y mujer;A veces;;A veces;No;Nunca;;No;No;Mixtas;52/48;NS;Siempre;No;A veces;Nunca;Sí;Sí;Sí;Sí;Sí;Sí;Sí, son específicas sobre igualdad;Sí;No aplica;No aplica
